{
  "model": {
     "type": "select",
     "property": "custom_model_data",
     "fallback": {
        "type": "model",
        "model": "item/armor_stand"
    },
    "cases": [
        {
            "when": "red_flag",
            "model": {
                "type": "model",
                "model": "item/red_flag"
            }
        },
                {
            "when": "extra_red_flag",
            "model": {
                "type": "model",
                "model": "item/extra_red_flag"
            }
        },
                {
            "when": "blue_flag",
            "model": {
                "type": "model",
                "model": "item/blue_flag"
            }
        },
                {
            "when": "extra_blue_flag",
            "model": {
                "type": "model",
                "model": "item/extra_blue_flag"
            }
        },
                {
            "when": "green_flag",
            "model": {
                "type": "model",
                "model": "item/green_flag"
            }
        },
                {
            "when": "extra_green_flag",
            "model": {
                "type": "model",
                "model": "item/extra_green_flag"
            }
        }
    ]
  }
}